game_pk,date,year,opponent,day_night,attendance,start_time,home_score,away_score,win_streak
233856,2008-04-07,2008,Minnesota Twins,day,"38,082",15:07:00,7,4,4
233882,2008-04-09,2008,Minnesota Twins,night,"16,499",19:12:00,5,12,5
233895,2008-04-10,2008,Minnesota Twins,night,"21,126",13:07:00,NA,NA,0
233907,2008-04-11,2008,Detroit Tigers,night,"26,094",19:17:00,2,5,0
233922,2008-04-12,2008,Detroit Tigers,day,"29,649",12:07:00,7,0,0
233937,2008-04-13,2008,Detroit Tigers,day,"26,294",13:07:00,11,0,1
233952,2008-04-14,2008,Oakland Athletics,night,"20,430",19:11:00,1,2,2
233966,2008-04-15,2008,Oakland Athletics,day,"18,254",13:08:00,4,1,0
234059,2008-04-22,2008,New York Yankees,night,"25,012",19:12:00,5,9,1
234076,2008-04-23,2008,New York Yankees,night,"27,751",19:12:00,4,6,0
234091,2008-04-24,2008,New York Yankees,night,"27,243",19:45:00,7,6,0
234101,2008-04-25,2008,Baltimore Orioles,night,"23,043",12:07:00,NA,NA,1
234101,2008-04-26,2008,Baltimore Orioles,day,"23,043",12:07:00,1,5,0
234116,2008-04-26,2008,Baltimore Orioles,night,"34,757",18:07:00,6,5,0
234131,2008-04-27,2008,Baltimore Orioles,day,"29,756",13:07:00,6,1,1
234143,2008-04-28,2008,Baltimore Orioles,day,"17,367",15:11:00,3,4,2
234250,2008-05-06,2008,Minnesota Twins,night,"23,480",19:11:00,7,1,0
234265,2008-05-07,2008,Minnesota Twins,night,"21,086",20:55:00,1,13,1
234278,2008-05-08,2008,Minnesota Twins,day,"25,193",13:07:00,6,2,0
234443,2008-05-20,2008,Cleveland Indians,night,"27,533",19:12:00,4,1,5
234458,2008-05-21,2008,Cleveland Indians,night,"38,518",19:11:00,7,2,6
234472,2008-05-22,2008,Cleveland Indians,night,"28,040",19:11:00,3,1,7
234479,2008-05-23,2008,Los Angeles Angels,night,"28,156",19:11:00,1,3,8
234494,2008-05-24,2008,Los Angeles Angels,day,"38,434",14:56:00,0,2,0
234509,2008-05-25,2008,Los Angeles Angels,night,"36,195",19:10:00,3,2,0
234642,2008-06-03,2008,Kansas City Royals,night,"21,272",19:11:00,9,5,0
234657,2008-06-04,2008,Kansas City Royals,night,"23,515",19:12:00,6,4,1
234668,2008-06-05,2008,Kansas City Royals,night,"25,104",19:12:00,6,2,2
234681,2008-06-06,2008,Minnesota Twins,night,"26,459",19:11:00,10,6,3
234696,2008-06-07,2008,Minnesota Twins,night,"32,930",18:06:00,11,2,4
234711,2008-06-08,2008,Minnesota Twins,day,"30,565",14:34:00,12,2,5
233895,2008-06-09,2008,Minnesota Twins,day,"21,126",13:07:00,7,5,6
234771,2008-06-13,2008,Colorado Rockies,night,"30,143",19:11:00,5,4,0
234786,2008-06-14,2008,Colorado Rockies,night,"35,663",18:07:00,0,2,1
234801,2008-06-15,2008,Colorado Rockies,day,"32,004",13:08:00,3,5,0
234828,2008-06-17,2008,Pittsburgh Pirates,night,"28,012",19:11:00,16,5,0
234843,2008-06-18,2008,Pittsburgh Pirates,night,"28,570",19:11:00,8,2,1
234854,2008-06-19,2008,Pittsburgh Pirates,day,"26,685",13:07:00,13,8,2
234953,2008-06-27,2008,Chicago Cubs,day,"39,132",15:07:00,10,3,1
234968,2008-06-28,2008,Chicago Cubs,day,"39,143",14:56:00,6,5,2
234983,2008-06-29,2008,Chicago Cubs,night,"39,573",19:09:00,5,1,3
234995,2008-06-30,2008,Cleveland Indians,night,"38,466",19:11:00,9,7,4
235009,2008-07-01,2008,Cleveland Indians,night,"25,502",19:12:00,3,2,5
235024,2008-07-02,2008,Cleveland Indians,night,"23,522",19:35:00,6,5,6
235045,2008-07-03,2008,Oakland Athletics,night,"26,730",19:11:00,2,3,7
235057,2008-07-04,2008,Oakland Athletics,night,"29,600",18:07:00,1,7,0
235072,2008-07-05,2008,Oakland Athletics,night,"35,586",18:06:00,6,1,0
235087,2008-07-06,2008,Oakland Athletics,day,"31,955",13:06:00,4,3,1
235198,2008-07-18,2008,Kansas City Royals,night,"36,291",19:11:00,9,5,0
235213,2008-07-19,2008,Kansas City Royals,night,"36,566",18:07:00,1,9,1
235228,2008-07-20,2008,Kansas City Royals,day,"32,269",13:07:00,7,8,0
235250,2008-07-21,2008,Texas Rangers,night,"39,547",19:27:00,1,6,0
235264,2008-07-22,2008,Texas Rangers,night,"32,670",19:11:00,10,2,0
235279,2008-07-23,2008,Texas Rangers,day,"35,353",13:06:00,10,8,1
235447,2008-08-05,2008,Detroit Tigers,night,"35,371",19:11:00,10,8,0
235462,2008-08-06,2008,Detroit Tigers,night,"34,124",19:11:00,5,1,1
235474,2008-08-07,2008,Detroit Tigers,night,"36,383",19:11:00,3,8,2
235484,2008-08-08,2008,Boston Red Sox,night,"38,621",19:11:00,5,3,0
235499,2008-08-09,2008,Boston Red Sox,night,"39,243",18:07:00,2,6,1
235514,2008-08-10,2008,Boston Red Sox,day,"39,008",13:07:00,6,5,0
235529,2008-08-11,2008,Boston Red Sox,night,"32,634",19:11:00,1,5,1
235540,2008-08-12,2008,Kansas City Royals,night,"31,099",19:11:00,9,0,0
235555,2008-08-13,2008,Kansas City Royals,night,"37,838",19:11:00,4,0,1
235570,2008-08-14,2008,Kansas City Royals,day,"32,788",13:07:00,9,2,2
235631,2008-08-18,2008,Seattle Mariners,night,"39,002",19:11:00,13,5,2
235646,2008-08-19,2008,Seattle Mariners,night,"26,414",19:11:00,5,0,3
235661,2008-08-20,2008,Seattle Mariners,day,"27,000",13:06:00,15,3,4
235685,2008-08-22,2008,Tampa Bay Rays,night,"38,747",19:11:00,4,9,5
235700,2008-08-23,2008,Tampa Bay Rays,day,"36,482",14:56:00,3,5,0
235715,2008-08-24,2008,Tampa Bay Rays,day,"38,562",13:07:00,6,5,0
234143,2008-08-25,2008,Baltimore Orioles,night,"17,367",15:11:00,3,4,1
235857,2008-09-05,2008,Los Angeles Angels,night,"32,502",19:11:00,10,2,1
235872,2008-09-06,2008,Los Angeles Angels,night,"31,046",18:07:00,7,6,2
235887,2008-09-07,2008,Los Angeles Angels,day,"26,029",13:08:00,2,3,3
235911,2008-09-08,2008,Toronto Blue Jays,night,"24,621",13:07:00,NA,NA,0
235911,2008-09-09,2008,Toronto Blue Jays,day,"24,621",13:07:00,1,3,0
235925,2008-09-09,2008,Toronto Blue Jays,night,"28,505",19:11:00,2,8,0
235940,2008-09-10,2008,Toronto Blue Jays,night,"26,198",19:11:00,6,5,0
235951,2008-09-11,2008,Toronto Blue Jays,night,"27,170",19:10:00,4,6,1
235955,2008-09-12,2008,Detroit Tigers,night,"35,923",16:09:00,NA,NA,0
235970,2008-09-13,2008,Detroit Tigers,day,NA,16:16:00,NA,NA,0
235955,2008-09-13,2008,Detroit Tigers,night,"35,923",16:09:00,NA,NA,0
235970,2008-09-14,2008,Detroit Tigers,day,NA,16:16:00,4,2,0
235985,2008-09-14,2008,Detroit Tigers,day,"28,238",19:10:00,11,7,1
236146,2008-09-26,2008,Cleveland Indians,night,"36,494",19:11:00,8,11,0
236161,2008-09-27,2008,Cleveland Indians,night,"36,031",18:06:00,6,12,0
236176,2008-09-28,2008,Cleveland Indians,day,"33,396",13:06:00,5,1,0
235955,2008-09-29,2008,Detroit Tigers,day,"35,923",16:09:00,8,2,1
246789,2008-09-30,2008,Minnesota Twins,night,"40,354",18:37:00,1,0,2
244198,2009-04-06,2009,Kansas City Royals,day,"37,449",13:08:00,NA,NA,0
244198,2009-04-07,2009,Kansas City Royals,day,"37,449",13:08:00,4,2,0
244220,2009-04-08,2009,Kansas City Royals,night,"22,817",19:11:00,0,2,1
244233,2009-04-09,2009,Kansas City Royals,day,"18,091",13:07:00,1,2,0
244246,2009-04-10,2009,Minnesota Twins,night,"25,422",19:11:00,5,12,0
244261,2009-04-11,2009,Minnesota Twins,day,"33,935",15:10:00,8,0,0
244276,2009-04-12,2009,Minnesota Twins,day,"25,571",13:06:00,6,1,1
244439,2009-04-24,2009,Toronto Blue Jays,night,"27,103",19:11:00,0,14,0
244454,2009-04-25,2009,Toronto Blue Jays,night,"30,383",18:19:00,10,2,0
244469,2009-04-26,2009,Toronto Blue Jays,day,"31,459",13:07:00,3,4,1
244479,2009-04-27,2009,Seattle Mariners,day,"25,042",19:11:00,NA,NA,0
244495,2009-04-28,2009,Seattle Mariners,night,NA,16:06:00,2,1,0
244479,2009-04-28,2009,Seattle Mariners,night,"25,042",19:11:00,1,9,1
244510,2009-04-29,2009,Seattle Mariners,day,"18,023",13:07:00,6,3,0
244602,2009-05-06,2009,Detroit Tigers,night,"24,408",13:07:00,NA,NA,0
244617,2009-05-07,2009,Detroit Tigers,night,"27,475",19:11:00,6,0,0
244640,2009-05-08,2009,Texas Rangers,night,"21,326",19:11:00,0,6,1
244655,2009-05-09,2009,Texas Rangers,night,"28,864",18:06:00,3,2,0
244670,2009-05-10,2009,Texas Rangers,day,"25,844",13:07:00,1,7,1
244779,2009-05-19,2009,Minnesota Twins,night,"26,696",19:11:00,6,2,0
244794,2009-05-20,2009,Minnesota Twins,night,"29,044",19:11:00,7,4,1
244809,2009-05-21,2009,Minnesota Twins,day,"23,048",13:07:00,1,20,2
244826,2009-05-22,2009,Pittsburgh Pirates,night,"23,347",19:11:00,2,0,0
244841,2009-05-23,2009,Pittsburgh Pirates,night,"32,389",18:07:00,4,0,1
244856,2009-05-24,2009,Pittsburgh Pirates,day,"28,309",13:06:00,3,4,2
244963,2009-06-01,2009,Oakland Athletics,night,"26,038",19:12:00,6,2,3
244976,2009-06-02,2009,Oakland Athletics,night,"20,519",19:11:00,0,5,4
244991,2009-06-03,2009,Oakland Athletics,night,"23,207",19:11:00,3,5,0
245004,2009-06-04,2009,Oakland Athletics,day,"18,219",13:07:00,0,7,0
245012,2009-06-05,2009,Cleveland Indians,night,"29,825",19:11:00,0,6,0
245027,2009-06-06,2009,Cleveland Indians,day,"30,307",15:10:00,4,2,0
245042,2009-06-07,2009,Cleveland Indians,day,"25,609",13:06:00,4,8,1
244602,2009-06-08,2009,Detroit Tigers,day,"24,408",13:07:00,4,5,0
245055,2009-06-08,2009,Detroit Tigers,night,"30,809",19:10:00,6,1,0
245065,2009-06-09,2009,Detroit Tigers,night,"25,676",19:11:00,6,7,1
245080,2009-06-10,2009,Detroit Tigers,night,"28,079",19:12:00,1,2,0
245095,2009-06-11,2009,Detroit Tigers,day,"20,824",16:00:00,4,3,0
245250,2009-06-23,2009,Los Angeles Dodgers,night,"22,251",19:11:00,2,5,2
245265,2009-06-24,2009,Los Angeles Dodgers,night,"20,142",19:11:00,10,7,0
245279,2009-06-25,2009,Los Angeles Dodgers,day,"20,051",13:07:00,6,5,1
245288,2009-06-26,2009,Chicago Cubs,day,"39,015",15:08:00,4,5,2
245303,2009-06-27,2009,Chicago Cubs,day,"39,529",15:10:00,8,7,0
245318,2009-06-28,2009,Chicago Cubs,day,"39,745",13:07:00,6,0,1
245440,2009-07-07,2009,Cleveland Indians,night,"23,758",19:11:00,10,6,0
245455,2009-07-08,2009,Cleveland Indians,night,"26,772",19:12:00,5,1,1
245469,2009-07-09,2009,Cleveland Indians,day,"27,257",13:06:00,8,10,2
245534,2009-07-17,2009,Baltimore Orioles,night,"32,013",19:11:00,12,8,0
245549,2009-07-18,2009,Baltimore Orioles,day,"32,881",15:10:00,4,3,1
245564,2009-07-19,2009,Baltimore Orioles,day,"32,069",13:07:00,2,10,2
245589,2009-07-20,2009,Tampa Bay Rays,night,"39,024",19:11:00,4,3,0
245604,2009-07-21,2009,Tampa Bay Rays,night,"23,319",19:11:00,2,3,1
245619,2009-07-22,2009,Tampa Bay Rays,night,"26,257",19:11:00,4,3,0
245625,2009-07-23,2009,Tampa Bay Rays,day,"28,036",13:07:00,5,0,1
245719,2009-07-30,2009,New York Yankees,night,"31,305",20:15:00,3,2,0
245735,2009-07-31,2009,New York Yankees,night,"38,228",19:11:00,10,5,1
245750,2009-08-01,2009,New York Yankees,day,"38,763",15:10:00,14,4,2
245765,2009-08-02,2009,New York Yankees,day,"36,325",13:07:00,5,8,3
245779,2009-08-04,2009,Los Angeles Angels,night,"30,228",19:11:00,5,4,0
245794,2009-08-05,2009,Los Angeles Angels,night,"32,167",19:10:00,6,2,1
245809,2009-08-06,2009,Los Angeles Angels,day,"27,487",13:07:00,5,9,2
245826,2009-08-07,2009,Cleveland Indians,night,"27,153",19:11:00,2,6,0
245841,2009-08-08,2009,Cleveland Indians,night,"35,224",18:06:00,8,5,0
245856,2009-08-09,2009,Cleveland Indians,day,"34,063",13:07:00,4,8,1
245961,2009-08-17,2009,Kansas City Royals,night,"36,703",20:09:00,8,7,0
245975,2009-08-18,2009,Kansas City Royals,night,"28,812",19:11:00,4,5,1
245990,2009-08-19,2009,Kansas City Royals,day,"25,786",13:08:00,4,2,0
246011,2009-08-21,2009,Baltimore Orioles,night,"34,125",19:10:00,1,5,1
246026,2009-08-22,2009,Baltimore Orioles,night,"34,730",18:07:00,4,1,0
246041,2009-08-23,2009,Baltimore Orioles,day,"32,742",13:06:00,4,5,1
246202,2009-09-04,2009,Boston Red Sox,night,"28,839",19:11:00,12,2,2
246217,2009-09-05,2009,Boston Red Sox,day,"33,239",15:11:00,5,1,3
246232,2009-09-06,2009,Boston Red Sox,day,"32,134",13:07:00,1,6,4
246246,2009-09-07,2009,Boston Red Sox,day,"22,511",13:07:00,5,1,0
246264,2009-09-08,2009,Oakland Athletics,night,"24,317",19:12:00,3,11,1
246279,2009-09-09,2009,Oakland Athletics,night,"23,703",19:11:00,4,3,0
246395,2009-09-18,2009,Kansas City Royals,night,"29,179",19:11:00,0,11,0
246410,2009-09-19,2009,Kansas City Royals,night,"28,329",18:07:00,13,3,0
246425,2009-09-20,2009,Kansas City Royals,day,"22,798",13:07:00,1,2,1
246436,2009-09-21,2009,Minnesota Twins,night,"26,541",19:12:00,0,7,0
246450,2009-09-22,2009,Minnesota Twins,night,"25,290",19:11:00,6,8,0
246465,2009-09-23,2009,Minnesota Twins,night,"26,097",19:11:00,6,8,0
246487,2009-09-25,2009,Detroit Tigers,night,"30,794",19:11:00,2,0,0
246502,2009-09-26,2009,Detroit Tigers,night,"35,590",18:07:00,5,12,1
246517,2009-09-27,2009,Detroit Tigers,day,"33,685",13:07:00,8,4,0
263810,2010-04-05,2010,Cleveland Indians,day,"38,935",13:09:00,6,0,0
263831,2010-04-07,2010,Cleveland Indians,night,"19,514",19:10:00,3,5,1
263846,2010-04-08,2010,Cleveland Indians,night,"18,637",19:10:00,3,5,0
263860,2010-04-09,2010,Minnesota Twins,night,"21,416",19:10:00,3,4,0
263876,2010-04-10,2010,Minnesota Twins,day,"28,337",12:07:00,1,2,0
263890,2010-04-11,2010,Minnesota Twins,day,"25,550",13:07:00,5,4,0
264012,2010-04-20,2010,Tampa Bay Rays,night,"19,260",19:10:00,4,1,0
264027,2010-04-21,2010,Tampa Bay Rays,night,"17,023",19:10:00,0,12,1
264039,2010-04-22,2010,Tampa Bay Rays,night,"18,207",19:10:00,2,10,0
264054,2010-04-23,2010,Seattle Mariners,night,"24,653",19:10:00,7,6,0
264069,2010-04-24,2010,Seattle Mariners,day,"25,253",15:10:00,5,4,1
264084,2010-04-25,2010,Seattle Mariners,day,"28,274",13:47:00,3,2,2
264187,2010-05-03,2010,Kansas City Royals,night,"21,208",19:09:00,5,1,0
264199,2010-05-04,2010,Kansas City Royals,night,"17,517",19:10:00,2,7,1
264214,2010-05-05,2010,Kansas City Royals,night,"21,255",19:09:00,9,2,0
264232,2010-05-06,2010,Toronto Blue Jays,night,"20,106",19:10:00,0,2,1
264247,2010-05-07,2010,Toronto Blue Jays,night,"20,072",19:09:00,4,7,0
264262,2010-05-08,2010,Toronto Blue Jays,night,"24,945",18:07:00,7,3,0
264277,2010-05-09,2010,Toronto Blue Jays,day,"23,850",13:06:00,7,9,1
264402,2010-05-19,2010,Los Angeles Angels,night,"23,271",19:10:00,2,3,1
264417,2010-05-20,2010,Los Angeles Angels,night,"23,515",19:39:00,5,6,0
264439,2010-05-21,2010,Florida Marlins,night,"20,652",19:10:00,8,0,0
264454,2010-05-22,2010,Florida Marlins,day,"28,462",13:05:00,4,1,1
264469,2010-05-23,2010,Florida Marlins,day,"28,298",13:06:00,0,13,2
264591,2010-06-01,2010,Texas Rangers,night,"20,075",19:09:00,6,9,1
264606,2010-06-02,2010,Texas Rangers,night,"19,516",19:10:00,5,9,0
264618,2010-06-03,2010,Texas Rangers,night,"20,003",19:10:00,4,3,0
264624,2010-06-04,2010,Cleveland Indians,night,"20,713",19:10:00,1,10,1
264639,2010-06-05,2010,Cleveland Indians,night,"30,864",18:06:00,1,3,0
264654,2010-06-06,2010,Cleveland Indians,day,"27,577",13:06:00,8,7,0
264677,2010-06-08,2010,Detroit Tigers,night,"20,776",19:10:00,2,7,1
264692,2010-06-09,2010,Detroit Tigers,night,"21,959",19:10:00,15,3,0
264707,2010-06-10,2010,Detroit Tigers,day,"26,004",13:07:00,3,0,1
264856,2010-06-22,2010,Atlanta Braves,night,"28,773",19:10:00,9,6,6
264871,2010-06-23,2010,Atlanta Braves,night,"27,561",20:59:00,4,2,7
264886,2010-06-24,2010,Atlanta Braves,day,"31,076",13:07:00,2,0,8
264898,2010-06-25,2010,Chicago Cubs,day,"39,364",15:07:00,6,0,9
264914,2010-06-26,2010,Chicago Cubs,night,"39,479",18:11:00,3,2,10
264928,2010-06-27,2010,Chicago Cubs,day,"39,682",13:07:00,6,8,11
265039,2010-07-05,2010,Los Angeles Angels,night,"38,092",18:06:00,9,2,1
265050,2010-07-06,2010,Los Angeles Angels,night,"21,889",20:51:00,4,1,2
265065,2010-07-07,2010,Los Angeles Angels,night,"21,135",21:30:00,5,2,3
265080,2010-07-08,2010,Los Angeles Angels,day,"27,734",13:07:00,1,0,4
265099,2010-07-09,2010,Kansas City Royals,night,"25,572",19:10:00,8,2,5
265114,2010-07-10,2010,Kansas City Royals,night,"32,339",18:07:00,5,1,6
265129,2010-07-11,2010,Kansas City Royals,day,"29,040",13:07:00,15,5,7
265295,2010-07-26,2010,Seattle Mariners,night,"38,815",19:09:00,6,1,0
265309,2010-07-27,2010,Seattle Mariners,night,"26,080",19:09:00,11,0,1
265324,2010-07-28,2010,Seattle Mariners,night,"25,126",19:09:00,6,5,2
265337,2010-07-29,2010,Seattle Mariners,night,"28,483",19:10:00,9,5,3
265347,2010-07-30,2010,Oakland Athletics,night,"29,431",19:09:00,6,1,4
265363,2010-07-31,2010,Oakland Athletics,night,"35,852",18:07:00,2,6,5
265377,2010-08-01,2010,Oakland Athletics,day,"32,118",13:07:00,4,1,0
265495,2010-08-10,2010,Minnesota Twins,night,"30,900",19:10:00,6,12,0
265510,2010-08-11,2010,Minnesota Twins,night,"32,033",19:10:00,6,1,0
265525,2010-08-12,2010,Minnesota Twins,night,"33,237",19:10:00,1,6,1
265532,2010-08-13,2010,Detroit Tigers,night,"34,834",19:10:00,8,4,0
265548,2010-08-14,2010,Detroit Tigers,night,"36,548",18:06:00,2,3,1
265562,2010-08-15,2010,Detroit Tigers,day,"36,287",13:07:00,8,13,0
265682,2010-08-24,2010,Baltimore Orioles,night,"26,263",19:09:00,7,5,0
265697,2010-08-25,2010,Baltimore Orioles,night,"23,733",19:10:00,2,4,1
265711,2010-08-26,2010,Baltimore Orioles,night,"23,898",19:10:00,8,0,0
265727,2010-08-27,2010,New York Yankees,night,"38,596",19:10:00,9,4,1
265743,2010-08-28,2010,New York Yankees,night,"38,811",18:07:00,9,12,2
265757,2010-08-29,2010,New York Yankees,day,"39,433",13:12:00,1,2,0
265913,2010-09-10,2010,Kansas City Royals,night,"27,009",19:10:00,4,3,0
265928,2010-09-11,2010,Kansas City Royals,night,"26,389",18:07:00,2,8,1
265943,2010-09-12,2010,Kansas City Royals,day,"23,756",13:07:00,12,6,0
265968,2010-09-14,2010,Minnesota Twins,night,"29,223",19:10:00,3,9,1
265983,2010-09-15,2010,Minnesota Twins,night,"30,063",19:10:00,3,9,0
265996,2010-09-16,2010,Minnesota Twins,night,"27,180",19:10:00,5,8,0
266006,2010-09-17,2010,Detroit Tigers,night,"28,563",19:10:00,2,9,0
266021,2010-09-18,2010,Detroit Tigers,day,"27,828",15:10:00,3,6,0
266036,2010-09-19,2010,Detroit Tigers,night,"25,417",19:09:00,7,9,0
266140,2010-09-27,2010,Boston Red Sox,night,"19,750",19:09:00,1,6,4
266153,2010-09-28,2010,Boston Red Sox,night,"16,982",19:10:00,5,4,0
266168,2010-09-29,2010,Boston Red Sox,night,"32,084",19:10:00,5,2,1
266183,2010-09-30,2010,Boston Red Sox,night,"30,854",19:10:00,8,2,2
266196,2010-10-01,2010,Cleveland Indians,night,"23,128",19:11:00,3,7,3
266211,2010-10-02,2010,Cleveland Indians,night,"23,702",18:06:00,6,2,0
266226,2010-10-03,2010,Cleveland Indians,day,"24,539",13:07:00,6,5,1
286984,2011-04-07,2011,Tampa Bay Rays,day,"38,579",13:10:00,5,1,1
286997,2011-04-08,2011,Tampa Bay Rays,night,"20,199",19:10:00,7,9,2
287012,2011-04-09,2011,Tampa Bay Rays,day,"26,378",15:10:00,4,2,0
287027,2011-04-10,2011,Tampa Bay Rays,day,"23,436",13:10:00,6,1,1
287036,2011-04-11,2011,Oakland Athletics,night,"20,057",19:10:00,1,2,2
287050,2011-04-12,2011,Oakland Athletics,night,"18,020",19:10:00,6,5,0
287065,2011-04-13,2011,Oakland Athletics,day,"16,523",13:10:00,4,7,1
287081,2011-04-15,2011,Los Angeles Angels,night,"20,103",19:11:00,3,4,0
287096,2011-04-16,2011,Los Angeles Angels,day,"21,250",17:20:00,2,7,0
287111,2011-04-17,2011,Los Angeles Angels,day,"23,458",13:10:00,2,4,0
287272,2011-04-29,2011,Baltimore Orioles,night,"21,816",19:10:00,4,10,0
287287,2011-04-30,2011,Baltimore Orioles,night,"26,122",18:10:00,2,6,0
287302,2011-05-01,2011,Baltimore Orioles,day,"22,029",13:09:00,4,6,0
287317,2011-05-02,2011,Baltimore Orioles,night,"18,007",19:10:00,6,2,0
287334,2011-05-03,2011,Minnesota Twins,night,"20,901",19:10:00,0,1,1
287349,2011-05-04,2011,Minnesota Twins,day,"18,028",13:09:00,2,3,0
287516,2011-05-16,2011,Texas Rangers,night,"23,048",19:10:00,0,4,1
287531,2011-05-17,2011,Texas Rangers,night,"22,437",19:10:00,4,3,0
287536,2011-05-18,2011,Cleveland Indians,night,"18,580",19:10:00,1,0,1
287551,2011-05-19,2011,Cleveland Indians,night,"22,077",19:10:00,8,2,2
287569,2011-05-20,2011,Los Angeles Dodgers,night,"24,121",19:10:00,4,6,3
287584,2011-05-21,2011,Los Angeles Dodgers,day,"25,519",13:10:00,9,2,0
287599,2011-05-22,2011,Los Angeles Dodgers,day,"25,081",13:10:00,8,3,1
287756,2011-06-03,2011,Detroit Tigers,night,"23,095",19:10:00,6,4,3
287771,2011-06-04,2011,Detroit Tigers,night,"31,037",18:10:00,2,4,4
287786,2011-06-05,2011,Detroit Tigers,day,"25,149",13:10:00,3,7,0
287805,2011-06-06,2011,Seattle Mariners,night,"23,847",19:10:00,3,1,0
287819,2011-06-07,2011,Seattle Mariners,night,"21,337",19:10:00,5,1,1
287834,2011-06-08,2011,Seattle Mariners,night,"21,517",19:09:00,4,7,2
287846,2011-06-09,2011,Oakland Athletics,night,"22,170",19:10:00,9,4,0
287861,2011-06-10,2011,Oakland Athletics,night,"20,166",19:10:00,5,7,1
287876,2011-06-11,2011,Oakland Athletics,night,"24,391",18:10:00,3,2,0
287891,2011-06-12,2011,Oakland Athletics,day,"22,144",13:10:00,5,4,1
287994,2011-06-20,2011,Chicago Cubs,night,"36,005",19:09:00,3,6,2
288005,2011-06-21,2011,Chicago Cubs,night,"35,155",19:10:00,3,2,0
288020,2011-06-22,2011,Chicago Cubs,night,"35,403",19:10:00,4,3,1
288051,2011-06-24,2011,Washington Nationals,night,"23,856",19:10:00,5,9,2
288066,2011-06-25,2011,Washington Nationals,day,"23,008",15:11:00,3,0,0
288081,2011-06-26,2011,Washington Nationals,day,"24,057",13:10:00,1,2,1
288179,2011-07-04,2011,Kansas City Royals,night,"31,077",18:10:00,5,4,0
288194,2011-07-05,2011,Kansas City Royals,night,"20,695",19:10:00,3,5,1
288209,2011-07-06,2011,Kansas City Royals,day,"27,233",13:10:00,1,4,0
288224,2011-07-07,2011,Minnesota Twins,night,"26,395",19:10:00,2,6,0
288238,2011-07-08,2011,Minnesota Twins,night,"27,737",19:10:00,5,8,0
288253,2011-07-09,2011,Minnesota Twins,day,"30,055",15:11:00,4,3,0
288268,2011-07-10,2011,Minnesota Twins,day,"30,042",13:11:00,3,6,1
288424,2011-07-25,2011,Detroit Tigers,night,"37,109",19:10:00,6,3,1
288438,2011-07-26,2011,Detroit Tigers,night,"28,093",19:10:00,4,5,2
288453,2011-07-27,2011,Detroit Tigers,day,"26,978",13:10:00,2,1,0
288478,2011-07-29,2011,Boston Red Sox,night,"27,513",19:09:00,3,1,1
288493,2011-07-30,2011,Boston Red Sox,night,"33,919",18:10:00,2,10,2
288508,2011-07-31,2011,Boston Red Sox,day,"28,278",13:10:00,3,5,0
288527,2011-08-01,2011,New York Yankees,night,"24,142",19:10:00,2,3,0
288540,2011-08-02,2011,New York Yankees,night,"21,661",19:55:00,0,6,0
288555,2011-08-03,2011,New York Yankees,night,"23,873",19:20:00,7,18,0
288565,2011-08-04,2011,New York Yankees,night,"28,088",19:10:00,2,7,0
288672,2011-08-12,2011,Kansas City Royals,night,"23,130",19:10:00,1,5,1
288687,2011-08-13,2011,Kansas City Royals,night,"24,854",19:35:00,5,4,0
288702,2011-08-14,2011,Kansas City Royals,day,"25,517",13:10:00,6,2,1
288727,2011-08-16,2011,Cleveland Indians,night,"24,695",19:10:00,8,7,2
288742,2011-08-17,2011,Cleveland Indians,night,"25,029",19:10:00,1,4,3
288755,2011-08-18,2011,Cleveland Indians,night,"27,079",19:10:00,2,4,0
288775,2011-08-19,2011,Texas Rangers,night,"28,308",19:10:00,4,7,0
288790,2011-08-20,2011,Texas Rangers,night,"30,021",18:10:00,3,2,0
288805,2011-08-21,2011,Texas Rangers,day,"25,033",13:10:00,10,0,1
288907,2011-08-29,2011,Minnesota Twins,night,"24,120",19:10:00,3,0,3
288919,2011-08-30,2011,Minnesota Twins,night,"21,632",19:10:00,8,6,4
288934,2011-08-31,2011,Minnesota Twins,day,"20,346",13:10:00,6,7,5
289044,2011-09-08,2011,Cleveland Indians,night,"22,063",19:10:00,8,1,0
289054,2011-09-09,2011,Cleveland Indians,night,"26,711",19:11:00,4,8,1
289069,2011-09-10,2011,Cleveland Indians,day,"26,719",15:11:00,7,3,0
289084,2011-09-11,2011,Cleveland Indians,day,"22,319",13:12:00,3,7,1
289097,2011-09-12,2011,Detroit Tigers,night,"22,750",19:10:00,4,14,0
289110,2011-09-13,2011,Detroit Tigers,night,"25,015",19:10:00,0,5,0
289125,2011-09-14,2011,Detroit Tigers,day,"19,010",13:11:00,5,6,0
289242,2011-09-23,2011,Kansas City Royals,night,"21,744",19:10:00,1,11,0
289257,2011-09-24,2011,Kansas City Royals,night,"26,249",18:10:00,6,3,0
289272,2011-09-25,2011,Kansas City Royals,day,"22,018",13:09:00,1,2,1
289293,2011-09-26,2011,Toronto Blue Jays,night,"21,448",19:10:00,4,3,0
289308,2011-09-27,2011,Toronto Blue Jays,night,"23,934",19:10:00,2,1,1
289323,2011-09-28,2011,Toronto Blue Jays,day,"20,524",13:10:00,2,3,2
317834,2012-04-13,2012,Detroit Tigers,day,"38,676",13:10:00,5,2,1
317849,2012-04-14,2012,Detroit Tigers,day,"33,025",15:10:00,5,1,2
317864,2012-04-15,2012,Detroit Tigers,day,"25,143",13:10:00,2,5,3
317873,2012-04-16,2012,Baltimore Orioles,night,"13,732",19:10:00,4,10,0
317883,2012-04-17,2012,Baltimore Orioles,night,"11,267",19:10:00,2,3,0
317898,2012-04-18,2012,Baltimore Orioles,night,"13,818",19:10:00,8,1,0
317914,2012-04-19,2012,Baltimore Orioles,day,"11,836",13:10:00,3,5,1
318011,2012-04-26,2012,Boston Red Sox,night,"20,266",19:10:00,3,10,0
318020,2012-04-27,2012,Boston Red Sox,night,"20,414",19:10:00,3,10,0
318035,2012-04-28,2012,Boston Red Sox,night,"20,057",18:10:00,0,1,0
318050,2012-04-29,2012,Boston Red Sox,day,"22,811",13:10:00,4,1,0
318078,2012-05-01,2012,Cleveland Indians,night,"15,212",20:06:00,7,2,1
318093,2012-05-02,2012,Cleveland Indians,night,"15,192",19:10:00,3,6,2
318107,2012-05-03,2012,Cleveland Indians,night,"17,314",19:29:00,5,7,0
318214,2012-05-11,2012,Kansas City Royals,night,"19,129",19:10:00,5,0,2
318229,2012-05-12,2012,Kansas City Royals,night,"20,066",19:06:00,0,5,3
318244,2012-05-13,2012,Kansas City Royals,day,"22,636",13:10:00,1,9,0
318257,2012-05-14,2012,Detroit Tigers,night,"23,538",19:10:00,7,5,0
318272,2012-05-15,2012,Detroit Tigers,day,"21,473",13:10:00,8,10,1
318378,2012-05-22,2012,Minnesota Twins,night,"20,026",19:11:00,2,9,4
318393,2012-05-23,2012,Minnesota Twins,night,"20,064",19:10:00,6,0,0
318403,2012-05-24,2012,Minnesota Twins,night,"20,167",19:10:00,11,8,1
318409,2012-05-25,2012,Cleveland Indians,night,"21,371",19:10:00,9,3,2
318424,2012-05-26,2012,Cleveland Indians,day,"27,151",15:10:00,14,7,3
318439,2012-05-27,2012,Cleveland Indians,day,"22,182",13:11:00,12,6,4
318512,2012-06-01,2012,Seattle Mariners,night,"19,168",19:10:00,7,4,8
318527,2012-06-02,2012,Seattle Mariners,day,"26,200",15:10:00,8,10,9
318542,2012-06-03,2012,Seattle Mariners,day,"23,062",13:11:00,4,2,0
318564,2012-06-05,2012,Toronto Blue Jays,night,"23,107",19:11:00,5,9,1
318579,2012-06-06,2012,Toronto Blue Jays,night,"25,672",19:10:00,0,4,0
318592,2012-06-07,2012,Toronto Blue Jays,night,"25,743",19:13:00,4,3,0
318597,2012-06-08,2012,Houston Astros,night,"22,452",19:10:00,3,8,1
318612,2012-06-09,2012,Houston Astros,day,"22,880",15:10:00,10,1,0
318627,2012-06-10,2012,Houston Astros,day,"20,398",13:10:00,9,11,1
318730,2012-06-18,2012,Chicago Cubs,night,"33,215",19:10:00,3,12,0
318739,2012-06-19,2012,Chicago Cubs,night,"30,282",19:10:00,1,2,0
318754,2012-06-20,2012,Chicago Cubs,night,"32,311",19:11:00,7,0,0
318779,2012-06-22,2012,Milwaukee Brewers,night,"22,798",19:10:00,0,1,1
318794,2012-06-23,2012,Milwaukee Brewers,night,"30,337",18:15:00,8,6,0
318809,2012-06-24,2012,Milwaukee Brewers,day,"26,545",13:10:00,1,0,1
318943,2012-07-03,2012,Texas Rangers,night,"30,183",19:10:00,19,2,0
318958,2012-07-04,2012,Texas Rangers,night,"30,271",18:12:00,5,4,1
318972,2012-07-05,2012,Texas Rangers,day,"21,288",13:10:00,2,1,2
318987,2012-07-06,2012,Toronto Blue Jays,night,"27,129",19:09:00,4,2,3
319002,2012-07-07,2012,Toronto Blue Jays,day,"25,399",15:11:00,2,0,4
319017,2012-07-08,2012,Toronto Blue Jays,day,"27,190",13:12:00,9,11,5
319172,2012-07-23,2012,Minnesota Twins,night,"37,788",19:11:00,7,4,0
319185,2012-07-24,2012,Minnesota Twins,night,"34,715",19:10:00,11,4,1
319200,2012-07-25,2012,Minnesota Twins,day,"32,261",13:10:00,8,2,2
319310,2012-08-03,2012,Los Angeles Angels,night,"32,060",19:10:00,8,6,2
319325,2012-08-04,2012,Los Angeles Angels,night,"28,571",18:31:00,5,6,3
319340,2012-08-05,2012,Los Angeles Angels,day,"30,202",13:10:00,4,2,0
319361,2012-08-06,2012,Kansas City Royals,night,"30,097",19:10:00,4,2,1
319375,2012-08-07,2012,Kansas City Royals,night,"27,194",19:10:00,2,5,2
319390,2012-08-08,2012,Kansas City Royals,night,"25,151",19:10:00,1,2,0
319416,2012-08-10,2012,Oakland Athletics,night,"25,041",19:10:00,4,3,0
319431,2012-08-11,2012,Oakland Athletics,night,"26,686",18:09:00,7,9,1
319446,2012-08-12,2012,Oakland Athletics,day,"25,106",13:10:00,7,3,0
319557,2012-08-20,2012,New York Yankees,night,"27,561",19:11:00,9,6,0
319571,2012-08-21,2012,New York Yankees,night,"24,247",19:10:00,7,3,1
319586,2012-08-22,2012,New York Yankees,night,"26,319",19:10:00,2,1,2
319610,2012-08-24,2012,Seattle Mariners,night,"25,058",19:10:00,9,8,3
319625,2012-08-25,2012,Seattle Mariners,night,"27,562",18:10:00,5,4,4
319640,2012-08-26,2012,Seattle Mariners,day,"23,146",15:01:00,4,3,5
319750,2012-09-03,2012,Minnesota Twins,night,"21,676",18:10:00,4,2,0
319765,2012-09-04,2012,Minnesota Twins,night,"15,698",19:10:00,9,18,1
319780,2012-09-05,2012,Minnesota Twins,day,"17,336",13:10:00,6,2,0
319799,2012-09-07,2012,Kansas City Royals,night,"26,660",19:10:00,5,7,1
319814,2012-09-08,2012,Kansas City Royals,day,"26,227",15:07:00,5,4,0
319829,2012-09-09,2012,Kansas City Royals,day,"19,356",13:10:00,1,2,1
319839,2012-09-10,2012,Detroit Tigers,night,"30,287",19:10:00,6,1,0
319850,2012-09-11,2012,Detroit Tigers,night,"26,504",19:10:00,3,5,1
319865,2012-09-12,2012,Detroit Tigers,night,"30,667",19:11:00,6,8,0
319878,2012-09-13,2012,Detroit Tigers,night,"29,130",13:10:00,NA,NA,0
319878,2012-09-17,2012,Detroit Tigers,day,"29,130",13:10:00,5,4,3
320025,2012-09-24,2012,Cleveland Indians,night,"20,206",19:10:00,5,4,0
320034,2012-09-25,2012,Cleveland Indians,day,"13,797",13:09:00,3,4,1
320049,2012-09-26,2012,Cleveland Indians,night,"20,166",19:09:00,4,6,0
320072,2012-09-27,2012,Tampa Bay Rays,night,"18,630",19:10:00,2,3,0
320087,2012-09-28,2012,Tampa Bay Rays,night,"25,264",19:10:00,3,1,0
320102,2012-09-29,2012,Tampa Bay Rays,day,"26,559",15:08:00,4,10,1
320117,2012-09-30,2012,Tampa Bay Rays,day,"26,831",13:10:00,2,6,0
346186,2013-04-01,2013,Kansas City Royals,day,"39,012",15:12:00,1,0,0
346767,2013-04-03,2013,Kansas City Royals,day,"14,213",13:10:00,5,2,1
346782,2013-04-04,2013,Kansas City Royals,day,"15,036",13:11:00,1,3,2
346797,2013-04-05,2013,Seattle Mariners,night,"15,312",19:11:00,7,8,0
346814,2013-04-06,2013,Seattle Mariners,day,"22,461",12:11:00,4,3,0
346828,2013-04-07,2013,Seattle Mariners,day,"18,708",13:11:00,4,3,1
346984,2013-04-19,2013,Minnesota Twins,night,"17,439",13:10:00,NA,NA,0
347000,2013-04-20,2013,Minnesota Twins,day,"22,417",14:06:00,1,2,0
347014,2013-04-21,2013,Minnesota Twins,day,"19,587",13:10:00,3,5,0
347025,2013-04-22,2013,Cleveland Indians,night,"14,950",19:10:00,2,3,0
347038,2013-04-23,2013,Cleveland Indians,night,"28,628",21:15:00,NA,NA,0
347053,2013-04-24,2013,Cleveland Indians,day,"16,765",13:10:00,3,2,0
347070,2013-04-25,2013,Tampa Bay Rays,night,"15,056",19:10:00,5,2,1
347084,2013-04-26,2013,Tampa Bay Rays,night,"20,008",19:10:00,5,4,2
347101,2013-04-27,2013,Tampa Bay Rays,night,"25,270",18:11:00,4,10,3
347115,2013-04-28,2013,Tampa Bay Rays,day,"22,677",13:11:00,3,8,0
347263,2013-05-10,2013,Los Angeles Angels,night,"22,638",19:11:00,5,7,1
347278,2013-05-11,2013,Los Angeles Angels,night,"28,774",18:11:00,2,3,0
347293,2013-05-12,2013,Los Angeles Angels,night,"22,088",19:07:00,3,0,0
347402,2013-05-20,2013,Boston Red Sox,night,"21,816",19:11:00,6,4,0
347415,2013-05-21,2013,Boston Red Sox,night,NA,NA,3,1,1
347430,2013-05-22,2013,Boston Red Sox,night,"21,298",19:10:00,2,6,2
347454,2013-05-24,2013,Miami Marlins,night,"20,393",19:10:00,4,3,0
347469,2013-05-25,2013,Miami Marlins,night,"23,705",18:15:00,2,1,1
347484,2013-05-26,2013,Miami Marlins,day,"25,464",13:11:00,5,3,2
347495,2013-05-27,2013,Chicago Cubs,night,"30,631",18:12:00,0,7,3
347511,2013-05-28,2013,Chicago Cubs,night,"31,552",19:39:00,NA,NA,0
347641,2013-06-06,2013,Oakland Athletics,night,"21,156",19:10:00,4,5,1
347655,2013-06-07,2013,Oakland Athletics,night,"22,861",19:10:00,3,4,0
347672,2013-06-08,2013,Oakland Athletics,day,"23,735",15:10:00,4,1,0
347686,2013-06-09,2013,Oakland Athletics,day,"31,033",13:10:00,4,2,1
347700,2013-06-10,2013,Toronto Blue Jays,night,"18,126",19:11:00,10,6,2
347714,2013-06-11,2013,Toronto Blue Jays,night,"20,700",19:10:00,5,7,3
347729,2013-06-12,2013,Toronto Blue Jays,night,"19,122",19:11:00,NA,NA,0
347897,2013-06-25,2013,New York Mets,night,"20,787",19:10:00,5,4,0
347912,2013-06-26,2013,New York Mets,night,"18,249",19:10:00,0,3,1
347932,2013-06-28,2013,Cleveland Indians,night,NA,16:10:00,10,19,0
347038,2013-06-28,2013,Cleveland Indians,night,"28,628",21:15:00,8,9,0
347948,2013-06-29,2013,Cleveland Indians,day,"26,289",15:12:00,3,4,0
347962,2013-06-30,2013,Cleveland Indians,day,"27,037",13:10:00,0,4,0
347982,2013-07-02,2013,Baltimore Orioles,night,"19,746",19:10:00,5,2,0
347997,2013-07-03,2013,Baltimore Orioles,night,"26,001",18:17:00,2,4,1
348012,2013-07-04,2013,Baltimore Orioles,day,"21,321",13:10:00,3,2,0
347511,2013-07-08,2013,Chicago Cubs,night,"31,552",19:39:00,2,8,0
348172,2013-07-19,2013,Atlanta Braves,night,"25,613",19:10:00,4,6,0
348187,2013-07-20,2013,Atlanta Braves,day,"27,420",15:06:00,10,6,0
348202,2013-07-21,2013,Atlanta Braves,day,"27,729",13:11:00,3,1,1
348220,2013-07-22,2013,Detroit Tigers,night,"23,195",19:10:00,3,7,2
348234,2013-07-23,2013,Detroit Tigers,night,"25,919",19:10:00,2,6,0
348249,2013-07-24,2013,Detroit Tigers,night,"26,793",19:11:00,2,6,0
348264,2013-07-25,2013,Detroit Tigers,day,"30,348",13:10:00,7,4,0
348277,2013-07-26,2013,Kansas City Royals,night,"18,342",19:10:00,1,5,1
348293,2013-07-27,2013,Kansas City Royals,night,"26,172",18:10:00,0,1,0
348308,2013-07-28,2013,Kansas City Royals,day,"24,079",13:09:00,2,4,0
348417,2013-08-05,2013,New York Yankees,night,"27,948",19:10:00,8,1,0
348429,2013-08-06,2013,New York Yankees,night,"23,826",19:10:00,3,2,1
348444,2013-08-07,2013,New York Yankees,night,"25,707",19:10:00,6,5,2
346984,2013-08-09,2013,Minnesota Twins,day,"17,439",13:10:00,5,7,3
348463,2013-08-09,2013,Minnesota Twins,night,"23,804",19:10:00,2,3,0
348480,2013-08-10,2013,Minnesota Twins,day,"24,529",15:06:00,5,4,0
348493,2013-08-11,2013,Minnesota Twins,day,"26,344",13:10:00,2,5,1
348507,2013-08-12,2013,Detroit Tigers,night,"19,590",19:10:00,6,2,0
348518,2013-08-13,2013,Detroit Tigers,night,"22,292",19:10:00,4,3,1
348533,2013-08-14,2013,Detroit Tigers,day,"20,058",13:10:00,4,6,2
348656,2013-08-23,2013,Texas Rangers,night,"31,891",19:11:00,5,11,6
348674,2013-08-24,2013,Texas Rangers,night,"22,079",18:23:00,3,2,0
348687,2013-08-25,2013,Texas Rangers,day,"25,960",13:11:00,5,2,1
348694,2013-08-26,2013,Houston Astros,night,"13,404",19:10:00,8,10,2
348705,2013-08-27,2013,Houston Astros,night,"15,491",19:10:00,4,3,0
348720,2013-08-28,2013,Houston Astros,night,"15,961",19:10:00,6,1,1
348886,2013-09-09,2013,Detroit Tigers,night,"17,193",19:11:00,5,1,1
348897,2013-09-10,2013,Detroit Tigers,night,"19,172",19:11:00,1,9,2
348912,2013-09-11,2013,Detroit Tigers,night,"15,799",19:10:00,0,1,0
348926,2013-09-12,2013,Cleveland Indians,night,"14,375",19:10:00,3,14,0
348937,2013-09-13,2013,Cleveland Indians,day,"15,533",13:10:00,1,3,0
348953,2013-09-14,2013,Cleveland Indians,night,"28,024",18:11:00,1,8,0
348967,2013-09-15,2013,Cleveland Indians,day,"18,631",17:33:00,1,7,0
348985,2013-09-16,2013,Minnesota Twins,night,"15,018",19:11:00,12,1,0
348998,2013-09-17,2013,Minnesota Twins,night,"15,964",19:11:00,4,3,1
349013,2013-09-18,2013,Minnesota Twins,day,"14,520",13:10:00,3,4,2
347729,2013-09-23,2013,Toronto Blue Jays,night,"19,122",19:11:00,3,2,1
349123,2013-09-26,2013,Kansas City Royals,night,"16,434",19:10:00,2,3,0
349132,2013-09-27,2013,Kansas City Royals,night,"24,474",19:11:00,1,6,0
349149,2013-09-28,2013,Kansas City Royals,night,"22,235",18:11:00,6,5,0
349163,2013-09-29,2013,Kansas City Royals,day,"22,633",13:10:00,1,4,1
380547,2014-03-31,2014,Minnesota Twins,day,"37,422",15:11:00,5,3,0
380570,2014-04-02,2014,Minnesota Twins,day,"10,625",13:10:00,7,6,1
380582,2014-04-03,2014,Minnesota Twins,day,"11,056",13:12:00,9,10,2
380673,2014-04-10,2014,Cleveland Indians,night,"11,116",19:10:00,7,3,0
380682,2014-04-11,2014,Cleveland Indians,night,"13,605",19:10:00,9,6,1
380697,2014-04-12,2014,Cleveland Indians,day,"27,332",13:10:00,6,12,2
380712,2014-04-13,2014,Cleveland Indians,day,"14,281",14:25:00,4,3,0
380735,2014-04-15,2014,Boston Red Sox,night,"13,402",19:11:00,2,1,1
380750,2014-04-16,2014,Boston Red Sox,night,"13,302",19:10:00,4,6,2
380765,2014-04-17,2014,Boston Red Sox,night,"17,454",19:10:00,1,3,0
380887,2014-04-25,2014,Tampa Bay Rays,night,"17,210",19:10:00,9,6,0
380902,2014-04-26,2014,Tampa Bay Rays,night,"22,412",18:10:00,0,4,1
380917,2014-04-27,2014,Tampa Bay Rays,day,"17,313",13:10:00,9,2,0
380925,2014-04-28,2014,Tampa Bay Rays,night,"11,268",19:09:00,7,3,1
380930,2014-04-29,2014,Detroit Tigers,night,"17,023",19:11:00,3,4,2
380945,2014-04-30,2014,Detroit Tigers,day,"15,157",13:10:00,1,5,0
381038,2014-05-07,2014,Chicago Cubs,night,"21,075",19:10:00,8,3,3
381052,2014-05-08,2014,Chicago Cubs,night,"26,332",19:10:00,5,12,4
381061,2014-05-09,2014,Arizona Diamondbacks,night,"19,118",19:10:00,9,3,0
381076,2014-05-10,2014,Arizona Diamondbacks,night,"24,634",18:12:00,3,4,1
381091,2014-05-11,2014,Arizona Diamondbacks,day,"18,612",13:10:00,1,5,0
381240,2014-05-22,2014,New York Yankees,night,"21,677",19:09:00,3,2,0
381257,2014-05-23,2014,New York Yankees,night,"27,091",19:09:00,6,5,1
381272,2014-05-24,2014,New York Yankees,day,"33,413",13:10:00,3,4,2
381287,2014-05-25,2014,New York Yankees,day,"39,142",13:11:00,1,7,0
381297,2014-05-26,2014,Cleveland Indians,day,"17,075",13:12:00,6,2,0
381312,2014-05-27,2014,Cleveland Indians,night,"14,237",19:51:00,2,1,1
381327,2014-05-28,2014,Cleveland Indians,night,"14,228",19:10:00,3,2,2
381358,2014-05-30,2014,San Diego Padres,night,"25,342",19:12:00,1,4,3
381373,2014-05-31,2014,San Diego Padres,day,"19,025",13:10:00,2,4,0
381388,2014-06-01,2014,San Diego Padres,day,"23,185",13:10:00,4,1,0
381488,2014-06-09,2014,Detroit Tigers,night,"18,803",19:10:00,6,5,0
381500,2014-06-10,2014,Detroit Tigers,night,"20,556",12:11:00,NA,NA,1
381516,2014-06-11,2014,Detroit Tigers,night,"18,424",19:10:00,8,2,0
381530,2014-06-12,2014,Detroit Tigers,night,"20,626",19:10:00,0,4,1
381543,2014-06-13,2014,Kansas City Royals,night,"22,773",19:10:00,2,7,0
381558,2014-06-14,2014,Kansas City Royals,day,"24,527",13:10:00,1,9,0
381573,2014-06-15,2014,Kansas City Royals,day,"29,152",13:11:00,3,6,0
381605,2014-06-17,2014,San Francisco Giants,night,"25,278",19:11:00,8,2,0
381620,2014-06-18,2014,San Francisco Giants,day,"20,059",13:22:00,7,6,1
381775,2014-06-30,2014,Los Angeles Angels,night,"20,233",19:47:00,NA,NA,3
381786,2014-07-01,2014,Los Angeles Angels,night,NA,16:10:00,4,8,0
381775,2014-07-01,2014,Los Angeles Angels,night,"20,233",19:47:00,5,7,0
381801,2014-07-02,2014,Los Angeles Angels,night,"18,207",19:11:00,3,2,0
381835,2014-07-04,2014,Seattle Mariners,night,"30,297",18:11:00,7,1,1
381850,2014-07-05,2014,Seattle Mariners,day,"23,113",13:10:00,2,3,2
381865,2014-07-06,2014,Seattle Mariners,day,"23,257",13:10:00,1,0,0
381977,2014-07-18,2014,Houston Astros,night,"28,777",19:11:00,3,2,0
381992,2014-07-19,2014,Houston Astros,night,"28,210",18:10:00,4,3,1
382007,2014-07-20,2014,Houston Astros,day,"26,256",13:10:00,7,11,2
382022,2014-07-21,2014,Kansas City Royals,night,"18,888",19:11:00,3,1,0
382035,2014-07-22,2014,Kansas City Royals,night,"20,428",19:11:00,1,7,1
382050,2014-07-23,2014,Kansas City Royals,day,"23,811",13:10:00,1,2,0
382173,2014-08-01,2014,Minnesota Twins,night,"28,060",19:11:00,10,8,1
382188,2014-08-02,2014,Minnesota Twins,night,"27,446",18:10:00,6,8,2
382203,2014-08-03,2014,Minnesota Twins,day,"23,471",13:11:00,3,16,0
382216,2014-08-04,2014,Texas Rangers,night,"17,040",19:32:00,5,3,0
382231,2014-08-05,2014,Texas Rangers,night,"21,827",19:10:00,0,16,1
382246,2014-08-06,2014,Texas Rangers,day,"18,898",13:10:00,1,3,0
382370,2014-08-15,2014,Toronto Blue Jays,night,"22,739",19:10:00,11,5,0
382385,2014-08-16,2014,Toronto Blue Jays,night,"29,420",18:11:00,3,6,1
382400,2014-08-17,2014,Toronto Blue Jays,day,"25,761",13:10:00,7,5,0
382404,2014-08-18,2014,Baltimore Orioles,night,"17,686",19:10:00,2,8,1
382412,2014-08-19,2014,Baltimore Orioles,night,"13,307",19:10:00,1,5,0
382427,2014-08-20,2014,Baltimore Orioles,night,"15,137",19:10:00,3,4,0
382504,2014-08-26,2014,Cleveland Indians,night,"12,462",19:10:00,6,8,0
382519,2014-08-27,2014,Cleveland Indians,night,"11,976",19:10:00,3,2,0
382533,2014-08-28,2014,Cleveland Indians,night,"13,016",19:10:00,2,3,1
382545,2014-08-29,2014,Detroit Tigers,night,"17,071",19:11:00,1,7,0
381500,2014-08-30,2014,Detroit Tigers,day,"20,556",12:11:00,6,3,0
382560,2014-08-30,2014,Detroit Tigers,night,"23,723",18:11:00,4,8,1
382575,2014-08-31,2014,Detroit Tigers,day,"26,336",13:11:00,6,2,0
382686,2014-09-08,2014,Oakland Athletics,night,"15,517",19:10:00,5,4,0
382700,2014-09-09,2014,Oakland Athletics,night,"12,150",19:10:00,2,11,1
382715,2014-09-10,2014,Oakland Athletics,night,"15,046",19:10:00,2,1,0
382725,2014-09-11,2014,Oakland Athletics,day,"12,314",13:11:00,1,0,1
382739,2014-09-12,2014,Minnesota Twins,night,"20,106",18:22:00,NA,NA,2
382754,2014-09-13,2014,Minnesota Twins,day,NA,15:10:00,5,1,0
382739,2014-09-13,2014,Minnesota Twins,day,"20,106",18:22:00,7,6,1
382769,2014-09-14,2014,Minnesota Twins,day,"17,044",13:10:00,4,6,2
382914,2014-09-25,2014,Kansas City Royals,night,"19,587",19:11:00,3,6,0
382930,2014-09-26,2014,Kansas City Royals,night,"27,416",19:10:00,1,3,0
382945,2014-09-27,2014,Kansas City Royals,night,"38,160",18:59:00,5,4,0
382960,2014-09-28,2014,Kansas City Royals,day,"32,266",13:12:00,4,6,1
413702,2015-04-10,2015,Minnesota Twins,day,"38,533",15:10:00,0,6,0
413717,2015-04-11,2015,Minnesota Twins,day,"22,317",13:09:00,5,4,0
413732,2015-04-12,2015,Minnesota Twins,day,"23,057",13:09:00,6,2,1
413837,2015-04-20,2015,Cleveland Indians,night,"13,055",19:10:00,4,3,0
413848,2015-04-21,2015,Cleveland Indians,night,"14,032",19:10:00,2,6,1
413863,2015-04-22,2015,Cleveland Indians,day,"14,429",13:11:00,6,0,0
413878,2015-04-23,2015,Kansas City Royals,night,"14,218",19:10:00,2,3,1
413890,2015-04-24,2015,Kansas City Royals,night,"20,350",19:10:00,3,2,0
413905,2015-04-25,2015,Kansas City Royals,day,"25,807",13:11:00,NA,NA,1
413890,2015-04-26,2015,Kansas City Royals,day,"20,350",19:10:00,3,2,0
413920,2015-04-26,2015,Kansas City Royals,day,"23,317",14:06:00,5,3,1
414043,2015-05-05,2015,Detroit Tigers,night,"16,351",19:11:00,5,2,0
414058,2015-05-06,2015,Detroit Tigers,night,"18,268",19:10:00,7,6,1
414072,2015-05-07,2015,Detroit Tigers,day,"20,081",13:10:00,1,4,2
414083,2015-05-08,2015,Cincinnati Reds,night,"27,980",19:20:00,NA,NA,0
414098,2015-05-09,2015,Cincinnati Reds,day,NA,15:10:00,4,10,0
414083,2015-05-09,2015,Cincinnati Reds,day,"27,980",19:20:00,8,2,0
414113,2015-05-10,2015,Cincinnati Reds,day,"20,123",13:10:00,4,3,1
414222,2015-05-18,2015,Cleveland Indians,night,"17,712",19:10:00,2,1,5
414231,2015-05-19,2015,Cleveland Indians,night,"15,681",19:11:00,1,3,6
414246,2015-05-20,2015,Cleveland Indians,night,"15,146",19:41:00,3,4,0
414260,2015-05-21,2015,Cleveland Indians,night,"18,321",19:11:00,2,5,0
414275,2015-05-22,2015,Minnesota Twins,night,"21,067",19:10:00,3,2,0
414290,2015-05-23,2015,Minnesota Twins,day,"38,714",15:40:00,3,4,1
414305,2015-05-24,2015,Minnesota Twins,day,"30,180",13:11:00,1,8,0
414464,2015-06-05,2015,Detroit Tigers,night,"24,761",19:11:00,4,3,0
414479,2015-06-06,2015,Detroit Tigers,night,"28,368",18:15:00,1,7,1
414494,2015-06-07,2015,Detroit Tigers,day,"29,059",13:10:00,4,6,0
414507,2015-06-08,2015,Houston Astros,night,"17,352",19:35:00,3,1,0
414518,2015-06-09,2015,Houston Astros,night,"18,439",19:10:00,4,2,1
414533,2015-06-10,2015,Houston Astros,night,"17,455",19:10:00,4,1,2
414637,2015-06-17,2015,Pittsburgh Pirates,night,"19,194",19:11:00,2,3,0
414652,2015-06-18,2015,Pittsburgh Pirates,night,"21,296",19:10:00,2,3,0
414672,2015-06-19,2015,Texas Rangers,night,"22,864",19:10:00,1,2,0
414687,2015-06-20,2015,Texas Rangers,day,"25,738",13:10:00,3,2,0
414702,2015-06-21,2015,Texas Rangers,day,"33,668",13:11:00,3,2,1
414848,2015-07-03,2015,Baltimore Orioles,night,"27,384",19:11:00,1,0,2
414863,2015-07-04,2015,Baltimore Orioles,day,"22,559",13:10:00,3,2,3
414878,2015-07-05,2015,Baltimore Orioles,day,"22,519",13:11:00,1,9,4
414902,2015-07-06,2015,Toronto Blue Jays,night,"24,593",19:10:00,4,2,0
414917,2015-07-07,2015,Toronto Blue Jays,night,"17,028",19:11:00,1,2,1
414932,2015-07-08,2015,Toronto Blue Jays,night,"17,032",19:10:00,7,6,0
414942,2015-07-09,2015,Toronto Blue Jays,day,"23,298",13:10:00,2,0,1
413905,2015-07-17,2015,Kansas City Royals,day,"25,807",13:11:00,2,4,0
414994,2015-07-17,2015,Kansas City Royals,night,"25,701",19:11:00,2,0,0
415009,2015-07-18,2015,Kansas City Royals,day,"33,559",13:33:00,6,7,1
415024,2015-07-19,2015,Kansas City Royals,day,"32,175",13:10:00,1,4,0
415055,2015-07-21,2015,St. Louis Cardinals,night,"29,728",19:11:00,5,8,0
415070,2015-07-22,2015,St. Louis Cardinals,night,"30,046",19:11:00,2,3,0
415189,2015-07-31,2015,New York Yankees,night,"30,359",19:11:00,6,13,0
415204,2015-08-01,2015,New York Yankees,night,"34,379",18:10:00,8,2,0
415219,2015-08-02,2015,New York Yankees,day,"38,840",13:10:00,3,12,1
415236,2015-08-03,2015,Tampa Bay Rays,night,"16,496",19:11:00,4,5,0
415251,2015-08-04,2015,Tampa Bay Rays,night,"18,499",19:10:00,3,11,0
415266,2015-08-05,2015,Tampa Bay Rays,day,"20,028",13:10:00,6,5,0
415322,2015-08-10,2015,Los Angeles Angels,night,"20,036",19:10:00,8,2,0
415329,2015-08-11,2015,Los Angeles Angels,night,"17,137",19:10:00,3,0,1
415344,2015-08-12,2015,Los Angeles Angels,night,"17,171",19:10:00,3,2,2
415370,2015-08-14,2015,Chicago Cubs,day,"36,386",15:10:00,5,6,3
415385,2015-08-15,2015,Chicago Cubs,night,"39,579",18:10:00,3,6,0
415400,2015-08-16,2015,Chicago Cubs,day,"39,475",13:10:00,3,1,0
415510,2015-08-24,2015,Boston Red Sox,night,"18,051",19:11:00,4,5,0
415519,2015-08-25,2015,Boston Red Sox,night,"14,393",19:11:00,5,4,0
415534,2015-08-26,2015,Boston Red Sox,night,"17,812",19:10:00,0,3,1
415555,2015-08-27,2015,Seattle Mariners,night,"15,076",19:11:00,4,2,0
415571,2015-08-28,2015,Seattle Mariners,night,"27,870",19:10:00,0,2,1
415586,2015-08-29,2015,Seattle Mariners,night,"26,011",18:10:00,6,7,0
415601,2015-08-30,2015,Seattle Mariners,day,"28,031",13:11:00,6,5,0
415699,2015-09-07,2015,Cleveland Indians,day,"14,757",13:10:00,2,3,4
415714,2015-09-08,2015,Cleveland Indians,night,"11,990",20:14:00,7,4,0
415729,2015-09-09,2015,Cleveland Indians,night,"11,667",19:11:00,4,6,1
415756,2015-09-11,2015,Minnesota Twins,night,"15,641",19:10:00,2,6,0
415771,2015-09-12,2015,Minnesota Twins,night,"26,065",18:10:00,8,2,0
415786,2015-09-13,2015,Minnesota Twins,day,"23,159",13:10:00,0,7,1
415802,2015-09-14,2015,Oakland Athletics,night,"12,221",19:10:00,8,7,0
415815,2015-09-15,2015,Oakland Athletics,night,"12,446",19:10:00,6,17,1
415830,2015-09-16,2015,Oakland Athletics,night,"13,005",19:10:00,9,4,0
415841,2015-09-17,2015,Oakland Athletics,day,"12,406",13:10:00,2,4,1
415998,2015-09-29,2015,Kansas City Royals,night,"13,024",19:10:00,4,2,0
416013,2015-09-30,2015,Kansas City Royals,night,"12,818",19:11:00,3,5,1
416027,2015-10-01,2015,Kansas City Royals,night,"12,825",19:11:00,4,6,0
416040,2015-10-02,2015,Detroit Tigers,night,"18,030",19:10:00,2,1,0
416055,2015-10-03,2015,Detroit Tigers,night,"17,772",18:10:00,4,3,1
416070,2015-10-04,2015,Detroit Tigers,day,"19,800",14:11:00,0,6,2
